<?xml version='1.0' encoding='UTF-8'?>
<faces-config version="2.2"
              xmlns="http://xmlns.jcp.org/xml/ns/javaee"
              xmlns:xsi="http://www.w3.org/2001/XMLSchema-instance"
              xsi:schemaLocation="http://xmlns.jcp.org/xml/ns/javaee http://xmlns.jcp.org/xml/ns/javaee/web-facesconfig_2_2.xsd">
<!--    <application>
        <resource-bundle>
            <base-name>/Bundle</base-name>
            <var>bundle</var>
        </resource-bundle>
        <resource-bundle>
            <base-name>/Bundle</base-name>
            <var>bundle</var>
        </resource-bundle>
    </application>-->
    
    <!-- Tell web god that Spring will resolve all EL syntax.  Need to add listener class in web.xml -->
<!--    <application>
        <el-resolver>org.springframework.web.jsf.el.SpringBeanFacesELResolver</el-resolver>
    </application>-->
</faces-config>
