<!--
NOT USED.
Bad syntax on purpose.

<?xml version="1.0" encoding="UTF-8"?>
<beans xmlns="http://www.springframework.org/schema/beans"
       xmlns:xsi="http://www.w3.org/2001/XMLSchema-instance" 
       xmlns:context="http://www.springframework.org/schema/context"
       xmlns:jdbc="http://www.springframework.org/schema/jdbc"
       xmlns:tx="http://www.springframework.org/schema/tx"
       xmlns:jee="http://www.springframework.org/schema/jee"
       xsi:schemaLocation="http://www.springframework.org/schema/beans 
                        http://www.springframework.org/schema/beans/spring-beans.xsd
                        http://www.springframework.org/schema/context
                        http://www.springframework.org/schema/context/spring-context.xsd
                        http://www.springframework.org/schema/jdbc
                        http://www.springframework.org/schema/jdbc/spring-jdbc.xsd
                        http://www.springframework.org/schema/tx 
                        http://www.springframework.org/schema/tx/spring-tx.xsd
                        http://www.springframework.org/schema/jee 
                        http://www.springframework.org/schema/jee/spring-jee.xsd">
    <!-- Enable Spring Annotation Configuration -->
    <!-- <context:annotation-config /> -->
    <!-- Scan for all of Spring components such as Spring Service -->
    <context:component-scan base-package="hh.*" />

    <!-- Necessary to get the entity manager injected into the factory bean -->
    <!-- <bean class="org.springframework.orm.hibernate4.LocalSessionFactoryBean" /> -->

    <jee:jndi-lookup id="dataSource" jndi-name="jboss/datasources/h2home" />
    
    <!-- Exception translation bean post processor -->
    <!-- <bean class="org.springframework.dao.annotation.PersistenceExceptionTranslationPostProcessor" /> -->

    <!-- Detect @Transactional -->
    <tx:annotation-driven />
    <!-- <tx:annotation-driven transaction-manager="transactionManager" /> -->
    
    <!-- http://www.mybatis.org/spring/getting-started.html -->
    <bean id="sqlSessionFactory" class="org.mybatis.spring.SqlSessionFactoryBean">
        <property name="dataSource" ref="dataSource" />
    </bean>
    
    <!-- Mappers -->
    <bean id="userMapper" class="org.mybatis.spring.mapper.MapperFactoryBean">
        <property name="mapperInterface" value="com.mybatis.mapper.personMapper" />
        <property name="sqlSessionFactory" ref="sqlSessionFactory" />
    </bean>
    
</beans>