<?xml version="1.0" encoding="UTF-8"?>
<web-app version="3.1" xmlns="http://xmlns.jcp.org/xml/ns/javaee" xmlns:xsi="http://www.w3.org/2001/XMLSchema-instance" xsi:schemaLocation="http://xmlns.jcp.org/xml/ns/javaee http://xmlns.jcp.org/xml/ns/javaee/web-app_3_1.xsd">
    <context-param>
        <param-name>javax.faces.PROJECT_STAGE</param-name>
        <param-value>Development</param-value>
    </context-param>
    <context-param>
        <param-name>javax.faces.FACELETS_SKIP_COMMENTS</param-name>
        <param-value>true</param-value>
    </context-param>
    
    <!-- Spring javaconfig -->
    <context-param>
        <param-name>contextClass</param-name>
        <param-value>org.springframework.web.context.support.AnnotationConfigWebApplicationContext</param-value>
    </context-param>
    <context-param>
        <param-name>contextConfigLocation</param-name>
        <param-value>com.config.spring.SpringConfig</param-value>
    </context-param>
    
    <servlet>
        <servlet-name>Faces Servlet</servlet-name>
        <servlet-class>javax.faces.webapp.FacesServlet</servlet-class>
        <load-on-startup>1</load-on-startup>
    </servlet>
    <servlet-mapping>
        <servlet-name>Faces Servlet</servlet-name>
        <url-pattern>*.xhtml</url-pattern>
    </servlet-mapping>
    
    <!-- Add Support for Spring if we going to use <el-resolver> in faces-config.xml -->
    <!--    <listener>
        <listener-class>org.springframework.web.context.ContextLoaderListener</listener-class>
    </listener>-->
    
    <!-- Load Spring beans through annotation instead of XML -->
    <!--    <servlet>
        <servlet-name>appServlet</servlet-name>
        <servlet-class>org.springframework.web.servlet.DispatcherServlet</servlet-class>
        <init-param>
            <param-name>contextClass</param-name>
            <param-value>
                org.springframework.web.context.support.AnnotationConfigWebApplicationContext
            </param-value>
        </init-param>
        <init-param>
            <param-name>contextConfigLocation</param-name>
            <param-value>
                classPath:/com/config/spring/SpringConfig.class
            </param-value>
        </init-param>
    </servlet>-->
    
    <session-config>
        <session-timeout>
            30
        </session-timeout>
    </session-config>
    <welcome-file-list>
        <welcome-file>index.xhtml</welcome-file>
    </welcome-file-list>
    <context-param>
        <param-name>primefaces.THEME</param-name>
        <param-value>bootstrap</param-value>
        <!--         <param-value>bootstrap</param-value> -->
        <!--         <param-value>afterdark</param-value> -->
    </context-param>
</web-app>
